{
  "question": {
    "tags": [
      "java",
      "android",
      "material-ui",
      "material-dialog"
    ],
    "owner": {
      "account_id": 34932489,
      "reputation": 33,
      "user_id": 26867731,
      "user_type": "registered",
      "profile_image": "https://www.gravatar.com/avatar/9b72ff5756efeacdb43b13752afdfe28?s=256&d=identicon&r=PG&f=y&so-version=2",
      "display_name": "Tennis Heal",
      "link": "https://stackoverflow.com/users/26867731/tennis-heal"
    },
    "is_answered": false,
    "view_count": 19,
    "answer_count": 0,
    "score": 0,
    "last_activity_date": 1762285331,
    "creation_date": 1762285331,
    "question_id": 79809330,
    "content_license": "CC BY-SA 4.0",
    "link": "https://stackoverflow.com/questions/79809330/how-to-disable-certain-options-in-a-multichoiceitems-materialalertdialog",
    "title": "How to disable certain options in a MultiChoiceItems MaterialAlertDialog"
  },
  "answers": [],
  "question_comments": [],
  "answer_comments": {}
}