{
  "question": {
    "tags": [
      "java",
      "pdfbox",
      "digital-signature"
    ],
    "owner": {
      "account_id": 3804005,
      "reputation": 171,
      "user_id": 3156889,
      "user_type": "registered",
      "profile_image": "https://www.gravatar.com/avatar/3bd83a018ab9a63d571ee503793c102b?s=256&d=identicon&r=PG&f=y&so-version=2",
      "display_name": "EricMacau",
      "link": "https://stackoverflow.com/users/3156889/ericmacau"
    },
    "is_answered": true,
    "view_count": 42,
    "accepted_answer_id": 79808805,
    "answer_count": 1,
    "score": 2,
    "last_activity_date": 1762302586,
    "creation_date": 1762232550,
    "last_edit_date": 1762302586,
    "question_id": 79808532,
    "content_license": "CC BY-SA 4.0",
    "link": "https://stackoverflow.com/questions/79808532/pdfbox-3-0-x-external-and-late-signing-causes-signature-is-invalid",
    "title": "PDFBox 3.0.x external and late signing causes &quot;Signature is invalid&quot;"
  },
  "answers": [
    {
      "owner": {
        "account_id": 1916831,
        "reputation": 96943,
        "user_id": 1729265,
        "user_type": "registered",
        "profile_image": "https://i.sstatic.net/VMMeP.jpg?s=256",
        "display_name": "mkl",
        "link": "https://stackoverflow.com/users/1729265/mkl"
      },
      "is_accepted": true,
      "score": 1,
      "last_activity_date": 1762253027,
      "creation_date": 1762253027,
      "answer_id": 79808805,
      "question_id": 79808532,
      "content_license": "CC BY-SA 4.0",
      "body": "<p>The <code>CMSTypedData msg</code> you create in <code>prepareSigning</code> is a <code>CMSProcessableInputStream</code> instance.</p>\n<p>As the name indicates, it is based on an <code>InputStream</code>. This <code>InputStream</code> in the first use of <code>msg</code> (in <code>prepareSigning</code>) is read to its end and <code>msg</code> returns the data of the stream.</p>\n<p>But if <code>msg</code> is re-used, the stream already is at the end and <code>msg</code> returns the data of an empty stream. This happens in your <code>completeSigning</code> where you use <code>session.getMessage()</code> which holds the previously used <code>msg</code> from <code>prepareSigning</code>.</p>\n<p>Thus, you generate a signature value for the original signed attributes with the correct PDF hash. But in the resulting signature container you have signed attributes that contain the hash of an empty PDF.</p>\n",
      "comments": []
    }
  ],
  "question_comments": [],
  "answer_comments": {}
}