{
  "question": {
    "tags": [
      "java",
      "visual-studio-code"
    ],
    "owner": {
      "account_id": 977933,
      "reputation": 1276,
      "user_id": 998406,
      "user_type": "registered",
      "accept_rate": 46,
      "profile_image": "https://www.gravatar.com/avatar/78bddd0ff12c7c9c38d090d90df721b5?s=256&d=identicon&r=PG",
      "display_name": "Sannu",
      "link": "https://stackoverflow.com/users/998406/sannu"
    },
    "is_answered": false,
    "view_count": 61,
    "answer_count": 3,
    "score": 0,
    "last_activity_date": 1762267489,
    "creation_date": 1762176016,
    "last_edit_date": 1762177855,
    "question_id": 79807912,
    "content_license": "CC BY-SA 4.0",
    "link": "https://stackoverflow.com/questions/79807912/how-do-i-get-java-project-code-helper-settings-in-vscode",
    "title": "How do I get Java project code helper settings in VSCode?"
  },
  "answers": [
    {
      "owner": {
        "account_id": 977933,
        "reputation": 1276,
        "user_id": 998406,
        "user_type": "registered",
        "accept_rate": 46,
        "profile_image": "https://www.gravatar.com/avatar/78bddd0ff12c7c9c38d090d90df721b5?s=256&d=identicon&r=PG",
        "display_name": "Sannu",
        "link": "https://stackoverflow.com/users/998406/sannu"
      },
      "is_accepted": false,
      "score": 0,
      "last_activity_date": 1762267489,
      "creation_date": 1762267489,
      "answer_id": 79809047,
      "question_id": 79807912,
      "content_license": "CC BY-SA 4.0",
      "body": "<p>Thank you all.</p>\n<p>I had installed all java extensions necessary but still did not work. This is a gradle project and hence I had to add ./gradle/wrapper/wrapper.properties with the necessary properties. VS Code picked up the file and everything worked flawlessly.</p>\n",
      "comments": []
    },
    {
      "owner": {
        "account_id": 4719941,
        "reputation": 33801,
        "user_id": 4518341,
        "user_type": "registered",
        "profile_image": "https://i.sstatic.net/XRndu.png?s=256",
        "display_name": "wjandrea",
        "link": "https://stackoverflow.com/users/4518341/wjandrea"
      },
      "is_accepted": false,
      "score": 0,
      "last_activity_date": 1762178216,
      "creation_date": 1762178216,
      "answer_id": 79807934,
      "question_id": 79807912,
      "content_license": "CC BY-SA 4.0",
      "body": "<p>Have you done any research? e.g. <a href=\"https://code.visualstudio.com/docs/languages/java\" rel=\"nofollow noreferrer\">Java in Visual Studio Code (official documentation)</a></p>\n<blockquote>\n<p>Support for Java in Visual Studio Code is provided through a wide range of <a href=\"https://code.visualstudio.com/docs/java/extensions\" rel=\"nofollow noreferrer\">extensions</a>. [...]</p>\n</blockquote>\n<blockquote>\n<h3><a href=\"https://code.visualstudio.com/docs/languages/java#_code-completion\" rel=\"nofollow noreferrer\">Code Completion</a></h3>\n<p><a href=\"https://code.visualstudio.com/docs/editing/intellisense\" rel=\"nofollow noreferrer\">IntelliSense</a> is a general term for language features, including intelligent code completion (in-context method and variable suggestions) across all your files and for both built-in and third-party modules. VS Code supports code completion and IntelliSense for Java through <a href=\"https://marketplace.visualstudio.com/items?itemName=redhat.java\" rel=\"nofollow noreferrer\">Language Support for Java™ by Red Hat</a>. It also provides AI-assisted IntelliSense called <a href=\"https://visualstudio.microsoft.com/services/intellicode/\" rel=\"nofollow noreferrer\">IntelliCode</a> by putting what you're most likely to use at the top of your completion list.</p>\n</blockquote>\n",
      "comments": []
    },
    {
      "owner": {
        "account_id": 14455286,
        "reputation": 4221,
        "user_id": 10441671,
        "user_type": "registered",
        "profile_image": "https://i.sstatic.net/xP24h.jpg?s=256",
        "display_name": "Peter Pointer",
        "link": "https://stackoverflow.com/users/10441671/peter-pointer"
      },
      "is_accepted": false,
      "score": 0,
      "last_activity_date": 1762176904,
      "creation_date": 1762176904,
      "answer_id": 79807921,
      "question_id": 79807912,
      "content_license": "CC BY-SA 4.0",
      "body": "<p>VSCode is used for many programming languages and doesn't support all of them at once, no.</p>\n<p>Do you have any Java extension installed? There's the official Java Extension from Oracle in VSCode's extension marketplace you can try out.</p>\n",
      "comments": []
    }
  ],
  "question_comments": [],
  "answer_comments": {}
}