{
  "question": {
    "tags": [
      "java",
      "intellij-idea"
    ],
    "owner": {
      "account_id": 26316377,
      "reputation": 1,
      "user_id": 19979084,
      "user_type": "registered",
      "profile_image": "https://i.sstatic.net/Y3qcM.jpg?s=256",
      "display_name": "notabicek",
      "link": "https://stackoverflow.com/users/19979084/notabicek"
    },
    "is_answered": false,
    "view_count": 74,
    "answer_count": 0,
    "score": 0,
    "last_activity_date": 1762243303,
    "creation_date": 1762239757,
    "last_edit_date": 1762243303,
    "question_id": 79808596,
    "content_license": "CC BY-SA 4.0",
    "link": "https://stackoverflow.com/questions/79808596/hide-inner-classes-as-separate-files-in-project-view-in-intellij-idea",
    "title": "Hide inner classes as separate files in Project View in IntelliJ IDEA"
  },
  "answers": [],
  "question_comments": [],
  "answer_comments": {}
}