{
  "question": {
    "tags": [
      "java",
      "cors",
      "quarkus"
    ],
    "owner": {
      "account_id": 10032399,
      "reputation": 103,
      "user_id": 7418384,
      "user_type": "registered",
      "profile_image": "https://i.sstatic.net/eV572.jpg?s=256",
      "display_name": "Mambo",
      "link": "https://stackoverflow.com/users/7418384/mambo"
    },
    "is_answered": true,
    "view_count": 75,
    "accepted_answer_id": 79809109,
    "answer_count": 1,
    "score": 2,
    "last_activity_date": 1762271402,
    "creation_date": 1762118726,
    "last_edit_date": 1762120873,
    "question_id": 79807392,
    "content_license": "CC BY-SA 4.0",
    "link": "https://stackoverflow.com/questions/79807392/quarkus-profile-aware-config-property-picked-up-by-different-profile",
    "title": "Quarkus profile-aware config property picked up by different profile"
  },
  "answers": [
    {
      "owner": {
        "account_id": 1954609,
        "reputation": 1253,
        "user_id": 1757919,
        "user_type": "registered",
        "profile_image": "https://www.gravatar.com/avatar/d9a06fda174419c0dffb982f226518c2?s=256&d=identicon&r=PG",
        "display_name": "Roberto Cortez",
        "link": "https://stackoverflow.com/users/1757919/roberto-cortez"
      },
      "is_accepted": true,
      "score": 1,
      "last_activity_date": 1762271402,
      "creation_date": 1762271402,
      "answer_id": 79809109,
      "question_id": 79807392,
      "content_license": "CC BY-SA 4.0",
      "body": "<p>Yes, by default, Quarkus uses the <code>prod</code> profile during build time:</p>\n<p><a href=\"https://quarkus.io/guides/config-reference#build-time-configuration\" rel=\"nofollow noreferrer\">https://quarkus.io/guides/config-reference#build-time-configuration</a></p>\n<p>For <code>dev</code> you can override it as you did.</p>\n",
      "comments": [
        {
          "owner": {
            "account_id": 10032399,
            "reputation": 103,
            "user_id": 7418384,
            "user_type": "registered",
            "profile_image": "https://i.sstatic.net/eV572.jpg?s=256",
            "display_name": "Mambo",
            "link": "https://stackoverflow.com/users/7418384/mambo"
          },
          "edited": false,
          "score": 0,
          "creation_date": 1762295317,
          "post_id": 79809109,
          "comment_id": 140836762,
          "content_license": "CC BY-SA 4.0",
          "body": "Thanks for your response Roberto! In the docs the property quarkus.http.cors.enabled is not marked as &quot;fixed at build time&quot;. Can you also explain why this property was taken into account during the build and at the same time not listed in the effective build-time configuration report? What does the Maven warning mean — is it a bug? Because application-prod.properties is clearly not ignored in this case. Also application.properties exists in my case."
        }
      ]
    }
  ],
  "question_comments": [],
  "answer_comments": {}
}