{
  "question": {
    "tags": [
      "java",
      "oracle-database",
      "spring-mvc",
      "struct"
    ],
    "owner": {
      "account_id": 44521204,
      "reputation": 1,
      "user_id": 31796079,
      "user_type": "registered",
      "profile_image": "https://www.gravatar.com/avatar/5c3504f3b77238f38da99aeaca38962b?s=256&d=identicon&r=PG&f=y&so-version=2",
      "display_name": "Rahul Ghadage",
      "link": "https://stackoverflow.com/users/31796079/rahul-ghadage"
    },
    "is_answered": false,
    "view_count": 35,
    "closed_date": 1762238327,
    "answer_count": 0,
    "score": -5,
    "last_activity_date": 1762270043,
    "creation_date": 1762236246,
    "last_edit_date": 1762270043,
    "question_id": 79808557,
    "link": "https://stackoverflow.com/questions/79808557/unable-to-create-connection-with-oracle-cloud-database",
    "closed_reason": "Not suitable for this site",
    "title": "Unable to create Connection with Oracle Cloud Database"
  },
  "answers": [],
  "question_comments": [],
  "answer_comments": {}
}