{
  "question": {
    "tags": [
      "java",
      "android-alertdialog",
      "orientation"
    ],
    "owner": {
      "account_id": 2791770,
      "reputation": 2217,
      "user_id": 2401879,
      "user_type": "registered",
      "accept_rate": 12,
      "profile_image": "https://www.gravatar.com/avatar/6ed49adb20caa330b0cfe3df98dd9cdc?s=256&d=identicon&r=PG",
      "display_name": "A.G.",
      "link": "https://stackoverflow.com/users/2401879/a-g"
    },
    "is_answered": false,
    "view_count": 43,
    "answer_count": 0,
    "score": 0,
    "last_activity_date": 1762005430,
    "creation_date": 1761996946,
    "last_edit_date": 1762005430,
    "question_id": 79806501,
    "content_license": "CC BY-SA 4.0",
    "link": "https://stackoverflow.com/questions/79806501/how-to-rotate-alertdialog-correctly",
    "title": "How to rotate AlertDialog correctly?"
  },
  "answers": [],
  "question_comments": [],
  "answer_comments": {}
}