{
  "question": {
    "tags": [
      "java",
      "spring",
      "spring-statemachine"
    ],
    "owner": {
      "account_id": 21293776,
      "reputation": 10,
      "user_id": 15670595,
      "user_type": "registered",
      "profile_image": "https://lh3.googleusercontent.com/a-/AOh14GhuPcFpx3_2gUQnhz2uexbXF5UN_Xv4FgFi1ZZwGA=k-s256",
      "display_name": "Denys Patsera",
      "link": "https://stackoverflow.com/users/15670595/denys-patsera"
    },
    "is_answered": false,
    "view_count": 56,
    "answer_count": 1,
    "score": 0,
    "last_activity_date": 1762196448,
    "creation_date": 1762177606,
    "last_edit_date": 1762178024,
    "question_id": 79807926,
    "content_license": "CC BY-SA 4.0",
    "link": "https://stackoverflow.com/questions/79807926/strange-evaluation-order-of-spring-statemachine",
    "title": "Strange evaluation order of Spring Statemachine"
  },
  "answers": [
    {
      "owner": {
        "account_id": 17553626,
        "reputation": 423,
        "user_id": 12733532,
        "user_type": "registered",
        "profile_image": "https://lh3.googleusercontent.com/-EAww28wDCxk/AAAAAAAAAAI/AAAAAAAAAAA/ACHi3rcgKS9dXdmUh-hOQPlZYZygBUfLwQ/s256-rj/photo.jpg",
        "display_name": "Max",
        "link": "https://stackoverflow.com/users/12733532/max"
      },
      "is_accepted": false,
      "score": -1,
      "last_activity_date": 1762196448,
      "creation_date": 1762196448,
      "answer_id": 79808218,
      "question_id": 79807926,
      "content_license": "CC BY-SA 4.0",
      "body": "<p>SSM does not guarantee declaration order for transitions that share the same source state and event, especially when they all have guard conditions. The framework processes the transition definitions and stores them in internal collections (like Set or Map), which often don't preserve the insertion order you used in the builder configuration.\nYou could use different priority for builders</p>\n<pre><code>builder.configureTransitions()\n    .withExternal()\n        .source(&quot;D&quot;).target(&quot;D+&quot;)\n        .event(&quot;!&quot;)\n        .priority(10) // Set a high priority to ensure it's checked first\n        .guard(ctx -&gt; {\n            System.out.println(&quot;evaluating DATE...&quot;);\n            return &quot;tomorrow&quot;.equals(ctx.getMessage().getHeaders().get(&quot;event&quot;));\n        });\n</code></pre>\n",
      "comments": [
        {
          "owner": {
            "account_id": 21293776,
            "reputation": 10,
            "user_id": 15670595,
            "user_type": "registered",
            "profile_image": "https://lh3.googleusercontent.com/a-/AOh14GhuPcFpx3_2gUQnhz2uexbXF5UN_Xv4FgFi1ZZwGA=k-s256",
            "display_name": "Denys Patsera",
            "link": "https://stackoverflow.com/users/15670595/denys-patsera"
          },
          "edited": false,
          "score": 0,
          "creation_date": 1762295601,
          "post_id": 79808218,
          "comment_id": 140836772,
          "content_license": "CC BY-SA 4.0",
          "body": "In what version priority() was added? I use 4.0.0 and there is no such method. GhatGPT answer?"
        }
      ]
    }
  ],
  "question_comments": [],
  "answer_comments": {}
}