{
  "question": {
    "tags": [
      "javascript",
      "java",
      "android",
      "database"
    ],
    "owner": {
      "account_id": 41950987,
      "reputation": 17,
      "user_id": 30525153,
      "user_type": "registered",
      "profile_image": "https://www.gravatar.com/avatar/74c400819477b7927b8a3ec0057203f0?s=256&d=identicon&r=PG&f=y&so-version=2",
      "display_name": "Nessa",
      "link": "https://stackoverflow.com/users/30525153/nessa"
    },
    "is_answered": false,
    "view_count": 48,
    "closed_date": 1762263672,
    "answer_count": 0,
    "score": -2,
    "last_activity_date": 1762263666,
    "creation_date": 1762262863,
    "last_edit_date": 1762263666,
    "question_id": 79808962,
    "link": "https://stackoverflow.com/questions/79808962/link-relational-database-to-a-mobile-app-without-a-third-party",
    "closed_reason": "Needs more focus",
    "title": "Link relational database to a mobile app without a third-party"
  },
  "answers": [],
  "question_comments": [
    {
      "owner": {
        "account_id": 6576425,
        "reputation": 3235,
        "user_id": 5082285,
        "user_type": "registered",
        "profile_image": "https://www.gravatar.com/avatar/7c837feb4ac8ce1394a775b43dbf0f64?s=256&d=identicon&r=PG&f=y&so-version=2",
        "display_name": "Markus Kauppinen",
        "link": "https://stackoverflow.com/users/5082285/markus-kauppinen"
      },
      "edited": false,
      "score": 0,
      "creation_date": 1762265609,
      "post_id": 79808962,
      "comment_id": 140835837,
      "content_license": "CC BY-SA 4.0",
      "body": "It doesn&#39;t have to be 3rd party, if you write the &quot;middleware&quot; yourself."
    },
    {
      "owner": {
        "account_id": 295108,
        "reputation": 74829,
        "user_id": 599346,
        "user_type": "registered",
        "accept_rate": 85,
        "profile_image": "https://www.gravatar.com/avatar/be66588cfacdbed6f5b7581e4eec4c95?s=256&d=identicon&r=PG",
        "display_name": "tyczj",
        "link": "https://stackoverflow.com/users/599346/tyczj"
      },
      "edited": false,
      "score": 1,
      "creation_date": 1762264859,
      "post_id": 79808962,
      "comment_id": 140835811,
      "content_license": "CC BY-SA 4.0",
      "body": "no it is not possible, you need something in the middle between SQL and the app for facilitate the communication between the two"
    },
    {
      "owner": {
        "account_id": 41950987,
        "reputation": 17,
        "user_id": 30525153,
        "user_type": "registered",
        "profile_image": "https://www.gravatar.com/avatar/74c400819477b7927b8a3ec0057203f0?s=256&d=identicon&r=PG&f=y&so-version=2",
        "display_name": "Nessa",
        "link": "https://stackoverflow.com/users/30525153/nessa"
      },
      "reply_to_user": {
        "account_id": 295108,
        "reputation": 74829,
        "user_id": 599346,
        "user_type": "registered",
        "accept_rate": 85,
        "profile_image": "https://www.gravatar.com/avatar/be66588cfacdbed6f5b7581e4eec4c95?s=256&d=identicon&r=PG",
        "display_name": "tyczj",
        "link": "https://stackoverflow.com/users/599346/tyczj"
      },
      "edited": false,
      "score": 0,
      "creation_date": 1762263396,
      "post_id": 79808962,
      "comment_id": 140835760,
      "content_license": "CC BY-SA 4.0",
      "body": "hey, thanks for the guidance, but i will be using microsoft database and SQL to find info in the database, so i was just wondering if it is possible to link the database and the app, so all the information inputed during the login/sign up is stored in the database."
    },
    {
      "owner": {
        "account_id": 295108,
        "reputation": 74829,
        "user_id": 599346,
        "user_type": "registered",
        "accept_rate": 85,
        "profile_image": "https://www.gravatar.com/avatar/be66588cfacdbed6f5b7581e4eec4c95?s=256&d=identicon&r=PG",
        "display_name": "tyczj",
        "link": "https://stackoverflow.com/users/599346/tyczj"
      },
      "edited": false,
      "score": 1,
      "creation_date": 1762263008,
      "post_id": 79808962,
      "comment_id": 140835749,
      "content_license": "CC BY-SA 4.0",
      "body": "if you mean you want to connect a mobile app to something like a SQL server database then the only option is to have a web api that the app connects to where the server sends the information from SQL back to the mobile app"
    }
  ],
  "answer_comments": {}
}