{
  "question": {
    "tags": [
      "java",
      "file",
      "exception",
      "stdout",
      "fileoutputstream"
    ],
    "owner": {
      "account_id": 43835964,
      "reputation": 1,
      "user_id": 31440621,
      "user_type": "registered",
      "profile_image": "https://www.gravatar.com/avatar/86dc5d786c50b94d8dbf302699f39af6?s=256&d=identicon&r=PG&f=y&so-version=2",
      "display_name": "Esme B",
      "link": "https://stackoverflow.com/users/31440621/esme-b"
    },
    "is_answered": false,
    "view_count": 72,
    "closed_date": 1762286312,
    "answer_count": 0,
    "score": -2,
    "last_activity_date": 1762250272,
    "creation_date": 1762222265,
    "last_edit_date": 1762250272,
    "question_id": 79808467,
    "link": "https://stackoverflow.com/questions/79808467/system-seterr-works-for-redirecting-output-to-one-file-name-but-stops-working",
    "closed_reason": "Not suitable for this site",
    "title": "System.setErr() works for redirecting output to one file name, but stops working when I change the name"
  },
  "answers": [],
  "question_comments": [
    {
      "owner": {
        "account_id": 5998820,
        "reputation": 16284,
        "user_id": 4712734,
        "user_type": "registered",
        "profile_image": "https://www.gravatar.com/avatar/f6e922a2cb7e2da59286f27b162aaca5?s=256&d=identicon&r=PG&f=y&so-version=2",
        "display_name": "DuncG",
        "link": "https://stackoverflow.com/users/4712734/duncg"
      },
      "edited": false,
      "score": 0,
      "creation_date": 1762285178,
      "post_id": 79808467,
      "comment_id": 140836516,
      "content_license": "CC BY-SA 4.0",
      "body": "The <code>ps.close()</code> call means that all subsequent <code>System.err.println(xxx)</code> do nothing, as <code>ps.checkError()</code> is true."
    },
    {
      "owner": {
        "account_id": 5998820,
        "reputation": 16284,
        "user_id": 4712734,
        "user_type": "registered",
        "profile_image": "https://www.gravatar.com/avatar/f6e922a2cb7e2da59286f27b162aaca5?s=256&d=identicon&r=PG&f=y&so-version=2",
        "display_name": "DuncG",
        "link": "https://stackoverflow.com/users/4712734/duncg"
      },
      "edited": false,
      "score": 0,
      "creation_date": 1762284232,
      "post_id": 79808467,
      "comment_id": 140836483,
      "content_license": "CC BY-SA 4.0",
      "body": "You loop over 2 values, not 4 as suggested. Perhaps you are running a previous version of the code before you made further edits, introducing compile errors such as <code>class Driver throws FileNotFoundException</code>. Add <a href=\"https://stackoverflow.com/help/minimal-reproducible-example\">minimal reproducible example</a> and the exact output."
    },
    {
      "owner": {
        "account_id": 22124137,
        "reputation": 4244,
        "user_id": 16376827,
        "user_type": "registered",
        "profile_image": "https://i.sstatic.net/1ImPw.png?s=256",
        "display_name": "g00se",
        "link": "https://stackoverflow.com/users/16376827/g00se"
      },
      "edited": false,
      "score": 2,
      "creation_date": 1762257475,
      "post_id": 79808467,
      "comment_id": 140835572,
      "content_license": "CC BY-SA 4.0",
      "body": "You really need to provide a <a href=\"https://stackoverflow.com/help/minimal-reproducible-example\">minimal reproducible example</a> N.B. That&#39;s not even your code - it wouldn&#39;t compile"
    }
  ],
  "answer_comments": {}
}