{
  "question": {
    "tags": [
      "java"
    ],
    "owner": {
      "account_id": 44561728,
      "reputation": 1,
      "user_id": 31816958,
      "user_type": "registered",
      "profile_image": "https://www.gravatar.com/avatar/e6b4007957b5a2a404f60831ac2e1a7f?s=256&d=identicon&r=PG&f=y&so-version=2",
      "display_name": "Gregor Zamza",
      "link": "https://stackoverflow.com/users/31816958/gregor-zamza"
    },
    "is_answered": false,
    "view_count": 24,
    "closed_date": 1762298066,
    "answer_count": 0,
    "score": -2,
    "last_activity_date": 1762297606,
    "creation_date": 1762297545,
    "question_id": 79809470,
    "link": "https://stackoverflow.com/questions/79809470/java-bot-integration-with-so-api",
    "closed_reason": "Not suitable for this site",
    "title": "Java bot integration with SO api"
  },
  "answers": [],
  "question_comments": [],
  "answer_comments": {}
}