{
  "question": {
    "tags": [
      "java",
      "debian",
      "runtime-error",
      "delete-file",
      "lan"
    ],
    "owner": {
      "account_id": 19082404,
      "reputation": 23,
      "user_id": 19263575,
      "user_type": "registered",
      "profile_image": "https://www.gravatar.com/avatar/2c5d78ac03d256fe075c420a4acff01e?s=256&d=identicon&r=PG&f=y&so-version=2",
      "display_name": "ZioCrick",
      "link": "https://stackoverflow.com/users/19263575/ziocrick"
    },
    "is_answered": false,
    "view_count": 142,
    "answer_count": 0,
    "score": -4,
    "last_activity_date": 1762192374,
    "creation_date": 1762092756,
    "last_edit_date": 1762192374,
    "question_id": 79807175,
    "content_license": "CC BY-SA 4.0",
    "link": "https://stackoverflow.com/questions/79807175/delete-a-file-from-one-pc-to-another-on-the-lan",
    "title": "Delete a file from one PC to another on the LAN"
  },
  "answers": [],
  "question_comments": [
    {
      "owner": {
        "account_id": 22124137,
        "reputation": 4244,
        "user_id": 16376827,
        "user_type": "registered",
        "profile_image": "https://i.sstatic.net/1ImPw.png?s=256",
        "display_name": "g00se",
        "link": "https://stackoverflow.com/users/16376827/g00se"
      },
      "edited": false,
      "score": 0,
      "creation_date": 1762256851,
      "post_id": 79807175,
      "comment_id": 140835560,
      "content_license": "CC BY-SA 4.0",
      "body": "<i>@g00se The data disks of my PCs are ntfs</i> Again, that&#39;s somewhat strange for a Linux box but is not a problem for the client, which would simply have a mount type of ntfs. In fact, you don&#39;t even need to specify the fs type when using <code>sshfs</code>. Worth also saying that recent Windows has SSH by default - it just needs to be enabled"
    }
  ],
  "answer_comments": {}
}