{
  "question": {
    "tags": [
      "java",
      "spring-boot",
      "open-telemetry",
      "jaeger",
      "opentracing"
    ],
    "owner": {
      "account_id": 6327303,
      "reputation": 414,
      "user_id": 4960012,
      "user_type": "registered",
      "accept_rate": 42,
      "profile_image": "https://www.gravatar.com/avatar/dca76e780d9397c0886a7f8003f6eeca?s=256&d=identicon&r=PG",
      "display_name": "Jarvis",
      "link": "https://stackoverflow.com/users/4960012/jarvis"
    },
    "is_answered": false,
    "view_count": 39,
    "answer_count": 0,
    "score": 0,
    "last_activity_date": 1762178410,
    "creation_date": 1762178410,
    "question_id": 79807937,
    "content_license": "CC BY-SA 4.0",
    "link": "https://stackoverflow.com/questions/79807937/opentelemetry-with-opentracing-sending-traces-to-jaeger",
    "title": "Opentelemetry with opentracing sending traces to jaeger"
  },
  "answers": [],
  "question_comments": [],
  "answer_comments": {}
}