{
  "question": {
    "tags": [
      "java",
      "maven",
      "openapi",
      "springdoc-openapi-maven-plugin"
    ],
    "owner": {
      "account_id": 1967474,
      "reputation": 3695,
      "user_id": 1767316,
      "user_type": "registered",
      "accept_rate": 42,
      "profile_image": "https://www.gravatar.com/avatar/96c6ce7849238a742734b338dda77a98?s=256&d=identicon&r=PG",
      "display_name": "user1767316",
      "link": "https://stackoverflow.com/users/1767316/user1767316"
    },
    "is_answered": false,
    "view_count": 37,
    "closed_date": 1762099459,
    "answer_count": 0,
    "score": -4,
    "last_activity_date": 1762097135,
    "creation_date": 1762097135,
    "question_id": 79807213,
    "link": "https://stackoverflow.com/questions/79807213/using-maven-how-to-convert-each-java-file-containing-spring-mvc-endpoints-into",
    "closed_reason": "Needs more focus",
    "title": "using maven, how to convert each java file containing spring mvc endpoints into an openapi definition?"
  },
  "answers": [],
  "question_comments": [
    {
      "owner": {
        "account_id": 1967474,
        "reputation": 3695,
        "user_id": 1767316,
        "user_type": "registered",
        "accept_rate": 42,
        "profile_image": "https://www.gravatar.com/avatar/96c6ce7849238a742734b338dda77a98?s=256&d=identicon&r=PG",
        "display_name": "user1767316",
        "link": "https://stackoverflow.com/users/1767316/user1767316"
      },
      "reply_to_user": {
        "account_id": 187094,
        "reputation": 5301,
        "user_id": 424903,
        "user_type": "registered",
        "profile_image": "https://i.sstatic.net/8oHZF.png?s=256",
        "display_name": "Gimby",
        "link": "https://stackoverflow.com/users/424903/gimby"
      },
      "edited": false,
      "score": 0,
      "creation_date": 1762283026,
      "post_id": 79807213,
      "comment_id": 140836432,
      "content_license": "CC BY-SA 4.0",
      "body": "I am not Orthodox nor focussed on orthodoxy and now have a solution ... too big for an answer here ... LLMs took the place, not to mention the bad reasons for which this post was closed"
    },
    {
      "owner": {
        "account_id": 187094,
        "reputation": 5301,
        "user_id": 424903,
        "user_type": "registered",
        "profile_image": "https://i.sstatic.net/8oHZF.png?s=256",
        "display_name": "Gimby",
        "link": "https://stackoverflow.com/users/424903/gimby"
      },
      "edited": false,
      "score": 0,
      "creation_date": 1762270270,
      "post_id": 79807213,
      "comment_id": 140836008,
      "content_license": "CC BY-SA 4.0",
      "body": "Just because you use Spring does not mean you need to marry to this plugin; the documentation clearly shows it has only very few configuration options. Try any of the other Maven plugins for openapi. Your requirement seems a little unorthodox though, I would be prepared for the possibility that it simply can&#39;t be done."
    }
  ],
  "answer_comments": {}
}