{
  "question": {
    "tags": [
      "java",
      "javafx",
      "junit"
    ],
    "owner": {
      "account_id": 26780691,
      "reputation": 33,
      "user_id": 20375582,
      "user_type": "registered",
      "profile_image": "https://i.sstatic.net/xP0r3.png?s=256",
      "display_name": "EskimoJones",
      "link": "https://stackoverflow.com/users/20375582/eskimojones"
    },
    "is_answered": false,
    "view_count": 65,
    "closed_date": 1762182677,
    "answer_count": 0,
    "score": 0,
    "last_activity_date": 1762184670,
    "creation_date": 1762149467,
    "last_edit_date": 1762184670,
    "question_id": 79807573,
    "link": "https://stackoverflow.com/questions/79807573/vscode-not-recognizing-junit-and-javafx",
    "closed_reason": "Not suitable for this site",
    "title": "VSCode not recognizing JUnit and Javafx"
  },
  "answers": [],
  "question_comments": [],
  "answer_comments": {}
}