{
  "question": {
    "tags": [
      "java",
      "json",
      "jolt"
    ],
    "owner": {
      "account_id": 4042713,
      "reputation": 777,
      "user_id": 3325009,
      "user_type": "registered",
      "accept_rate": 78,
      "profile_image": "https://i.sstatic.net/vj1w6.jpg?s=256",
      "display_name": "GuRAm",
      "link": "https://stackoverflow.com/users/3325009/guram"
    },
    "is_answered": false,
    "view_count": 40,
    "answer_count": 1,
    "score": 0,
    "last_activity_date": 1762266614,
    "creation_date": 1762265643,
    "question_id": 79809014,
    "content_license": "CC BY-SA 4.0",
    "link": "https://stackoverflow.com/questions/79809014/json-jolt-transform",
    "title": "Json Jolt Transform"
  },
  "answers": [
    {
      "owner": {
        "account_id": 24809739,
        "reputation": 841,
        "user_id": 18691321,
        "user_type": "registered",
        "profile_image": "https://i.sstatic.net/20GuR.jpg?s=256",
        "display_name": "ninadepina",
        "link": "https://stackoverflow.com/users/18691321/ninadepina"
      },
      "is_accepted": false,
      "score": 0,
      "last_activity_date": 1762266614,
      "creation_date": 1762266614,
      "answer_id": 79809028,
      "question_id": 79809014,
      "content_license": "CC BY-SA 4.0",
      "body": "<p>I believe that the behaviour you want can't be done purely in Jolt on [jolt-demo](<a href=\"https://jolt-demo.appspot.com/#inception\" rel=\"nofollow noreferrer\">https://jolt-demo.appspot.com/#inception</a>) because it doesn't support quoting elements inside <code>join</code> or <code>modify-overwrite-beta</code> the way you want. You need to do the quoting in code after Jolt transformation.</p>\n<p>The closest you'll get to your desired output (besides the result you already have) would be an array:</p>\n<pre class=\"lang-json prettyprint-override\"><code>[\n  {\n    &quot;operation&quot;: &quot;shift&quot;,\n    &quot;spec&quot;: {\n      &quot;*&quot;: {\n        &quot;PIN&quot;: &quot;PINS[]&quot; \n      }\n    }\n  }\n]\n</code></pre>\n<pre class=\"lang-json prettyprint-override\"><code>{\n  &quot;PINS&quot;: [\n    &quot;43001005357&quot;,\n    &quot;59001024356&quot;\n  ]\n}\n</code></pre>\n",
      "comments": []
    }
  ],
  "question_comments": [],
  "answer_comments": {}
}