{
  "question": {
    "tags": [
      "java",
      "completable-future",
      "underscore-java"
    ],
    "owner": {
      "account_id": 44521204,
      "reputation": 1,
      "user_id": 31796079,
      "user_type": "registered",
      "profile_image": "https://www.gravatar.com/avatar/5c3504f3b77238f38da99aeaca38962b?s=256&d=identicon&r=PG&f=y&so-version=2",
      "display_name": "Rahul Ghadage",
      "link": "https://stackoverflow.com/users/31796079/rahul-ghadage"
    },
    "is_answered": false,
    "view_count": 72,
    "closed_date": 1762043253,
    "answer_count": 0,
    "score": -4,
    "last_activity_date": 1762007771,
    "creation_date": 1762002215,
    "last_edit_date": 1762007771,
    "question_id": 79806537,
    "link": "https://stackoverflow.com/questions/79806537/why-does-my-completablefuture-chain-behave-differently-when-using-thenapply-vs",
    "closed_reason": "Needs details or clarity",
    "title": "Why does my CompletableFuture chain behave differently when using thenApply() vs thenCompose() with asynchronous operations?"
  },
  "answers": [],
  "question_comments": [],
  "answer_comments": {}
}