{
  "question": {
    "tags": [
      "java",
      "hibernate-envers"
    ],
    "owner": {
      "account_id": 14195569,
      "reputation": 876,
      "user_id": 10254976,
      "user_type": "registered",
      "profile_image": "https://lh5.googleusercontent.com/-LBKWMRbnsJE/AAAAAAAAAAI/AAAAAAAAAAA/APUIFaN5MFh2qq87AeYj-As-DJbY0Opi0g/mo/s256-rj/photo.jpg",
      "display_name": "Самир Шахмурадлы",
      "link": "https://stackoverflow.com/users/10254976/%d0%a1%d0%b0%d0%bc%d0%b8%d1%80-%d0%a8%d0%b0%d1%85%d0%bc%d1%83%d1%80%d0%b0%d0%b4%d0%bb%d1%8b"
    },
    "is_answered": false,
    "view_count": 20,
    "answer_count": 0,
    "score": 0,
    "last_activity_date": 1762287473,
    "creation_date": 1762287473,
    "question_id": 79809363,
    "content_license": "CC BY-SA 4.0",
    "link": "https://stackoverflow.com/questions/79809363/can-envers-audit-an-embeddable-that-contains-a-onetomany-relationship",
    "title": "Can Envers audit an @Embeddable that contains a @OneToMany relationship?"
  },
  "answers": [],
  "question_comments": [],
  "answer_comments": {}
}