{
  "question": {
    "tags": [
      "java"
    ],
    "owner": {
      "account_id": 44510610,
      "reputation": 31,
      "user_id": 31790725,
      "user_type": "registered",
      "profile_image": "https://www.gravatar.com/avatar/b7add33c3ac09f8e3fd1273be122e216?s=256&d=identicon&r=PG&f=y&so-version=2",
      "display_name": "赵万贺",
      "link": "https://stackoverflow.com/users/31790725/%e8%b5%b5%e4%b8%87%e8%b4%ba"
    },
    "is_answered": false,
    "view_count": 41,
    "answer_count": 0,
    "score": 3,
    "last_activity_date": 1762157582,
    "creation_date": 1762157582,
    "question_id": 79807641,
    "content_license": "CC BY-SA 4.0",
    "link": "https://stackoverflow.com/questions/79807641/how-to-get-type-hierarchy-for-java-in-vscode-extension-preparetypehierarchy-ret",
    "title": "How to get type hierarchy for Java in VSCode extension? prepareTypeHierarchy returns empty"
  },
  "answers": [],
  "question_comments": [],
  "answer_comments": {}
}