{
  "question": {
    "tags": [
      "java",
      "quartz-scheduler"
    ],
    "owner": {
      "account_id": 187570,
      "reputation": 5316,
      "user_id": 425722,
      "user_type": "registered",
      "accept_rate": 83,
      "profile_image": "https://i.sstatic.net/346yd.jpg?s=256",
      "display_name": "Andrew Rueckert",
      "link": "https://stackoverflow.com/users/425722/andrew-rueckert"
    },
    "is_answered": false,
    "view_count": 43,
    "answer_count": 0,
    "score": 0,
    "last_activity_date": 1761944233,
    "creation_date": 1761944233,
    "question_id": 79806201,
    "content_license": "CC BY-SA 4.0",
    "link": "https://stackoverflow.com/questions/79806201/quartz-throwing-classnotfoundexception-during-canary-deploys",
    "title": "Quartz throwing ClassNotFoundException during canary deploys"
  },
  "answers": [],
  "question_comments": [],
  "answer_comments": {}
}