{
  "question": {
    "tags": [
      "java",
      "junit",
      "junit5"
    ],
    "owner": {
      "account_id": 34525824,
      "reputation": 1,
      "user_id": 26618333,
      "user_type": "registered",
      "profile_image": "https://www.gravatar.com/avatar/30636596d6850abff1512a04c4bdf028?s=256&d=identicon&r=PG&f=y&so-version=2",
      "display_name": "Lucas Draper",
      "link": "https://stackoverflow.com/users/26618333/lucas-draper"
    },
    "is_answered": false,
    "view_count": 50,
    "closed_date": 1762226886,
    "answer_count": 0,
    "score": -4,
    "last_activity_date": 1762203781,
    "creation_date": 1762200435,
    "last_edit_date": 1762203781,
    "question_id": 79808267,
    "link": "https://stackoverflow.com/questions/79808267/junit-5-tests-not-generating",
    "closed_reason": "Not suitable for this site",
    "title": "JUnit 5 Tests not generating"
  },
  "answers": [],
  "question_comments": [],
  "answer_comments": {}
}