{
  "question": {
    "tags": [
      "java",
      "spring",
      "postgresql",
      "kotlin",
      "hibernate"
    ],
    "owner": {
      "account_id": 25939300,
      "reputation": 111,
      "user_id": 19659058,
      "user_type": "registered",
      "profile_image": "https://www.gravatar.com/avatar/b5792eba96ccc54b7ceed52701ab0f36?s=256&d=identicon&r=PG",
      "display_name": "gearbase",
      "link": "https://stackoverflow.com/users/19659058/gearbase"
    },
    "is_answered": false,
    "view_count": 104,
    "answer_count": 1,
    "score": 2,
    "last_activity_date": 1762113757,
    "creation_date": 1762041770,
    "question_id": 79806877,
    "content_license": "CC BY-SA 4.0",
    "link": "https://stackoverflow.com/questions/79806877/save-and-get-large-objects-blob-to-postgresql-using-hibernate-and-spring-data",
    "title": "Save and get large objects (BLOB) to postgresql using hibernate and Spring Data JPA"
  },
  "answers": [
    {
      "owner": {
        "account_id": 16860149,
        "reputation": 171,
        "user_id": 12191150,
        "user_type": "registered",
        "profile_image": "https://www.gravatar.com/avatar/fec9a6154254eb5fd901f4a0045c0b1f?s=256&d=identicon&r=PG&f=y&so-version=2",
        "display_name": "Yasin Ahmed",
        "link": "https://stackoverflow.com/users/12191150/yasin-ahmed"
      },
      "is_accepted": false,
      "score": 0,
      "last_activity_date": 1762113757,
      "creation_date": 1762113757,
      "answer_id": 79807343,
      "question_id": 79806877,
      "content_license": "CC BY-SA 4.0",
      "body": "<p>I don't quite understand the reason behind saving large file in your database when you want to save it as temp file first and then process it. Why take the overhead of reading the file from database first? Just save it in files and read it from there. Furthermore I think it is possible to read large file from DB in chunks you may try this:</p>\n<pre><code>YourEntity entity = entityManager.find(YourEntity.class, id);\nBlob blob = entity.yourBlobColumn();\ntry (InputStream in = blob.getBinaryStream()) {\n    byte[] buffer = new byte[8192]; // 8 KB buffer\n    int bytesRead;\n    while ((bytesRead = in.read(buffer)) != -1) {\n        // process or write chunk\n    }\n}\n</code></pre>\n",
      "comments": []
    }
  ],
  "question_comments": [],
  "answer_comments": {}
}