{
  "question": {
    "tags": [
      "java",
      "spring-boot",
      "google-chat"
    ],
    "owner": {
      "account_id": 44555278,
      "reputation": 11,
      "user_id": 31813391,
      "user_type": "registered",
      "profile_image": "https://www.gravatar.com/avatar/61ace8e6c629b12481fa69a6857167fe?s=256&d=identicon&r=PG&f=y&so-version=2",
      "display_name": "Dharmik Vaghela",
      "link": "https://stackoverflow.com/users/31813391/dharmik-vaghela"
    },
    "is_answered": false,
    "view_count": 14,
    "answer_count": 0,
    "score": 1,
    "last_activity_date": 1762261512,
    "creation_date": 1762261512,
    "question_id": 79808943,
    "content_license": "CC BY-SA 4.0",
    "link": "https://stackoverflow.com/questions/79808943/google-chat-api-403-forbidden-with-spring-boot-on-user-specific-spaces",
    "title": "Google Chat API 403 Forbidden with Spring Boot on user-specific spaces"
  },
  "answers": [],
  "question_comments": [
    {
      "owner": {
        "account_id": 14261458,
        "reputation": 1696,
        "user_id": 10302104,
        "user_type": "registered",
        "profile_image": "https://www.gravatar.com/avatar/19e11abb2eceebf344b77466cb9be31a?s=256&d=identicon&r=PG",
        "display_name": "smallpepperz",
        "link": "https://stackoverflow.com/users/10302104/smallpepperz"
      },
      "edited": false,
      "score": 1,
      "creation_date": 1762262267,
      "post_id": 79808943,
      "comment_id": 140835728,
      "content_license": "CC BY-SA 4.0",
      "body": "&quot;Is it correct to conclude...&quot; those (mire the second one) seem like likely issues, but you can confirm this by addressing them and seeing if your problem continues"
    }
  ],
  "answer_comments": {}
}