{
  "question": {
    "tags": [
      "java",
      "android",
      "xaml"
    ],
    "owner": {
      "account_id": 198763,
      "reputation": 2543,
      "user_id": 443626,
      "user_type": "registered",
      "accept_rate": 70,
      "profile_image": "https://www.gravatar.com/avatar/1ba1aed46f15b9daaf993f4b2ec1d04e?s=256&d=identicon&r=PG",
      "display_name": "redoc01",
      "link": "https://stackoverflow.com/users/443626/redoc01"
    },
    "is_answered": false,
    "view_count": 22,
    "answer_count": 0,
    "score": 0,
    "last_activity_date": 1762296013,
    "creation_date": 1762296013,
    "question_id": 79809461,
    "content_license": "CC BY-SA 4.0",
    "link": "https://stackoverflow.com/questions/79809461/gridview-is-adding-my-images-in-center-and-leaving-gaps-at-the-top-and-bottom-of",
    "title": "GridView is adding my images in center and leaving gaps at the top and bottom of gridview"
  },
  "answers": [],
  "question_comments": [],
  "answer_comments": {}
}