{
  "question": {
    "tags": [
      "java",
      "hibernate",
      "hibernate-envers"
    ],
    "owner": {
      "account_id": 14195569,
      "reputation": 876,
      "user_id": 10254976,
      "user_type": "registered",
      "profile_image": "https://lh5.googleusercontent.com/-LBKWMRbnsJE/AAAAAAAAAAI/AAAAAAAAAAA/APUIFaN5MFh2qq87AeYj-As-DJbY0Opi0g/mo/s256-rj/photo.jpg",
      "display_name": "Самир Шахмурадлы",
      "link": "https://stackoverflow.com/users/10254976/%d0%a1%d0%b0%d0%bc%d0%b8%d1%80-%d0%a8%d0%b0%d1%85%d0%bc%d1%83%d1%80%d0%b0%d0%b4%d0%bb%d1%8b"
    },
    "is_answered": false,
    "view_count": 23,
    "answer_count": 0,
    "score": 0,
    "last_activity_date": 1762279830,
    "creation_date": 1762279830,
    "question_id": 79809255,
    "content_license": "CC BY-SA 4.0",
    "link": "https://stackoverflow.com/questions/79809255/hibernate-envers-does-not-persist-foreign-key-in-audit-table",
    "title": "Hibernate Envers does not persist foreign key in audit table"
  },
  "answers": [],
  "question_comments": [
    {
      "owner": {
        "account_id": 2792262,
        "reputation": 189796,
        "user_id": 2402272,
        "user_type": "registered",
        "accept_rate": 85,
        "profile_image": "https://www.gravatar.com/avatar/1182b1d5518a596d4e8cfe0567a65c4d?s=256&d=identicon&r=PG",
        "display_name": "John Bollinger",
        "link": "https://stackoverflow.com/users/2402272/john-bollinger"
      },
      "edited": false,
      "score": 0,
      "creation_date": 1762282570,
      "post_id": 79809255,
      "comment_id": 140836416,
      "content_license": "CC BY-SA 4.0",
      "body": "<a href=\"https://docs.hibernate.org/orm/current/userguide/html_single/#envers-mappingexceptions\" rel=\"nofollow noreferrer\">The documentation</a> indicates that when you map a relationship as you have done and audit the host entity, Envers will create a join table for the audit data even though you&#39;re not using one to map the relationship itself.  Do you have such a join table? Are the parentIds recorded correctly there?"
    }
  ],
  "answer_comments": {}
}