{
  "question": {
    "tags": [
      "java",
      "android",
      "kivy"
    ],
    "owner": {
      "account_id": 15292445,
      "reputation": 79,
      "user_id": 11033583,
      "user_type": "registered",
      "profile_image": "https://lh4.googleusercontent.com/-NOKJJQUbrp8/AAAAAAAAAAI/AAAAAAAAAAA/ACevoQM5c02soU5Kn97IJoFrQPEdii0LSw/mo/s256-rj/photo.jpg",
      "display_name": "Jessy James stands with Russia",
      "link": "https://stackoverflow.com/users/11033583/jessy-james-stands-with-russia"
    },
    "is_answered": false,
    "view_count": 71,
    "answer_count": 1,
    "score": 0,
    "last_activity_date": 1762097296,
    "creation_date": 1762083892,
    "last_edit_date": 1762085102,
    "question_id": 79807100,
    "content_license": "CC BY-SA 4.0",
    "link": "https://stackoverflow.com/questions/79807100/android-autorestart-service-after-app-cleaner",
    "title": "Android autorestart service after app Cleaner"
  },
  "answers": [
    {
      "posted_by_collectives": [
        {
          "tags": [
            "android",
            "ios"
          ],
          "external_links": [
            {
              "type": "support",
              "link": "https://stackoverflow.com/contact?topic=15"
            }
          ],
          "description": "A collective for developers who want to share their knowledge and learn more about mobile development practices and platforms",
          "link": "/collectives/mobile-dev",
          "name": "Mobile Development",
          "slug": "mobile-dev"
        }
      ],
      "owner": {
        "account_id": 1790714,
        "reputation": 94680,
        "user_id": 1631193,
        "user_type": "registered",
        "accept_rate": 71,
        "profile_image": "https://www.gravatar.com/avatar/ac9dfee58394495fa69f12f58a928be3?s=256&d=identicon&r=PG&f=y&so-version=2",
        "display_name": "Gabe Sechan",
        "link": "https://stackoverflow.com/users/1631193/gabe-sechan"
      },
      "is_accepted": false,
      "score": 0,
      "last_activity_date": 1762097296,
      "creation_date": 1762097296,
      "answer_id": 79807215,
      "question_id": 79807100,
      "content_license": "CC BY-SA 4.0",
      "body": "<p>Probably by rearchitecting your entire app.  Client server is not an effective architecture on Android.  Services do not last forever.  Even foreground services will eventually be killed on purpose by the OS.  Do not expect processes to continue on Android when not in the foreground.  It's against the entire design of the OS where it explicitly tries to prevent this behavior for battery life.  Instead, explain why you think you need that, and we may be able to tell you how to write your app to avoid needing it at all-  there are lots of ways to drive behavior on demand in Android rather than keeping a service around.</p>\n",
      "comments": [
        {
          "owner": {
            "account_id": 1790714,
            "reputation": 94680,
            "user_id": 1631193,
            "user_type": "registered",
            "accept_rate": 71,
            "profile_image": "https://www.gravatar.com/avatar/ac9dfee58394495fa69f12f58a928be3?s=256&d=identicon&r=PG&f=y&so-version=2",
            "display_name": "Gabe Sechan",
            "link": "https://stackoverflow.com/users/1631193/gabe-sechan"
          },
          "reply_to_user": {
            "account_id": 15292445,
            "reputation": 79,
            "user_id": 11033583,
            "user_type": "registered",
            "profile_image": "https://lh4.googleusercontent.com/-NOKJJQUbrp8/AAAAAAAAAAI/AAAAAAAAAAA/ACevoQM5c02soU5Kn97IJoFrQPEdii0LSw/mo/s256-rj/photo.jpg",
            "display_name": "Jessy James stands with Russia",
            "link": "https://stackoverflow.com/users/11033583/jessy-james-stands-with-russia"
          },
          "edited": false,
          "score": 0,
          "creation_date": 1762108086,
          "post_id": 79807215,
          "comment_id": 140832444,
          "content_license": "CC BY-SA 4.0",
          "body": "@JessyJamesstandswithRussia You just cannot rely on a constantly running service of any sort on Android.  You need to find alternatives, such as using push messaging to notify the app that there is a call available.  Even if you could rely on it, it wouldn&#39;t work in Doze mode (the mode the phone enters when the screen is off for a while and almost all processing is killed to preserve battery life)."
        },
        {
          "owner": {
            "account_id": 15292445,
            "reputation": 79,
            "user_id": 11033583,
            "user_type": "registered",
            "profile_image": "https://lh4.googleusercontent.com/-NOKJJQUbrp8/AAAAAAAAAAI/AAAAAAAAAAA/ACevoQM5c02soU5Kn97IJoFrQPEdii0LSw/mo/s256-rj/photo.jpg",
            "display_name": "Jessy James stands with Russia",
            "link": "https://stackoverflow.com/users/11033583/jessy-james-stands-with-russia"
          },
          "edited": false,
          "score": 0,
          "creation_date": 1762099689,
          "post_id": 79807215,
          "comment_id": 140832284,
          "content_license": "CC BY-SA 4.0",
          "body": "I am using Sip server and my android app client. Client wait call from server. GUI for buttons, service(android) wait data from sip server."
        }
      ]
    }
  ],
  "question_comments": [],
  "answer_comments": {}
}