{
  "question": {
    "tags": [
      "java",
      "android",
      "kotlin",
      "android-espresso",
      "idle-processing"
    ],
    "owner": {
      "account_id": 19728656,
      "reputation": 25,
      "user_id": 21474826,
      "user_type": "registered",
      "profile_image": "https://lh4.googleusercontent.com/-qFhPq82iQO4/AAAAAAAAAAI/AAAAAAAAAfA/AMZuucl3W9BiQqC_jHz8zu-JMm5UElknoQ/s96-c/s256-rj/photo.jpg",
      "display_name": "Red Cape",
      "link": "https://stackoverflow.com/users/21474826/red-cape"
    },
    "is_answered": false,
    "view_count": 40,
    "answer_count": 0,
    "score": 0,
    "last_activity_date": 1762010674,
    "creation_date": 1762010674,
    "question_id": 79806634,
    "content_license": "CC BY-SA 4.0",
    "link": "https://stackoverflow.com/questions/79806634/espresso-onidle-return-error-java-lang-indexoutofboundsexception-index-1-si",
    "title": "Espresso.onIdle() return error java.lang.IndexOutOfBoundsException: Index: 1, Size: 1"
  },
  "answers": [],
  "question_comments": [],
  "answer_comments": {}
}