{
  "question": {
    "tags": [
      "java",
      "spring",
      "spring-boot",
      "model-context-protocol",
      "mcp-server"
    ],
    "owner": {
      "account_id": 44524247,
      "reputation": 1,
      "user_id": 31797545,
      "user_type": "registered",
      "profile_image": "https://www.gravatar.com/avatar/ebc59fb36d33cafa2920c72faa04e6fe?s=256&d=identicon&r=PG&f=y&so-version=2",
      "display_name": "user31797545",
      "link": "https://stackoverflow.com/users/31797545/user31797545"
    },
    "is_answered": false,
    "view_count": 77,
    "answer_count": 1,
    "score": 0,
    "last_activity_date": 1762255926,
    "creation_date": 1762181444,
    "question_id": 79807988,
    "content_license": "CC BY-SA 4.0",
    "link": "https://stackoverflow.com/questions/79807988/how-to-dynamic-query-in-java-spring-boot",
    "title": "How to dynamic query in java spring boot"
  },
  "answers": [
    {
      "owner": {
        "account_id": 14740716,
        "reputation": 24,
        "user_id": 10645435,
        "user_type": "registered",
        "profile_image": "https://i.sstatic.net/qVn3w.png?s=256",
        "display_name": "Dreek",
        "link": "https://stackoverflow.com/users/10645435/dreek"
      },
      "is_accepted": false,
      "score": -1,
      "last_activity_date": 1762255926,
      "creation_date": 1762255926,
      "answer_id": 79808849,
      "question_id": 79807988,
      "content_license": "CC BY-SA 4.0",
      "body": "<p>You're not alone.</p>\n<p>Checkout QueryDSL <a href=\"https://www.baeldung.com/querydsl-with-jpa-tutorial\" rel=\"nofollow noreferrer\">https://www.baeldung.com/querydsl-with-jpa-tutorial</a>. It allows you to specify more complex operations but can get real heavy real quick. If its more your style, use it. If not, let me know so I can edit this, giving a more detailed answer on how we can go about it.</p>\n",
      "comments": []
    }
  ],
  "question_comments": [],
  "answer_comments": {}
}