{
  "question": {
    "tags": [
      "java",
      "spring-boot",
      "hibernate",
      "jpa",
      "spring-data-jpa"
    ],
    "owner": {
      "account_id": 36980554,
      "reputation": 19,
      "user_id": 28015346,
      "user_type": "registered",
      "profile_image": "https://i.sstatic.net/eA6j5XAv.jpg?s=256",
      "display_name": "LostQuotient117",
      "link": "https://stackoverflow.com/users/28015346/lostquotient117"
    },
    "is_answered": false,
    "view_count": 93,
    "answer_count": 2,
    "score": 0,
    "last_activity_date": 1761941401,
    "creation_date": 1761914870,
    "last_edit_date": 1761941401,
    "question_id": 79805804,
    "content_license": "CC BY-SA 4.0",
    "link": "https://stackoverflow.com/questions/79805804/out-of-memory-when-deleting-comment-classes-with-childstructure",
    "title": "Out of Memory when deleting comment-classes with childstructure"
  },
  "answers": [],
  "question_comments": [
    {
      "owner": {
        "account_id": 231721,
        "reputation": 21335,
        "user_id": 496099,
        "user_type": "registered",
        "profile_image": "https://www.gravatar.com/avatar/efa7510cf47d7bd79e80486246e7e39e?s=256&d=identicon&r=PG",
        "display_name": "Chris",
        "link": "https://stackoverflow.com/users/496099/chris"
      },
      "edited": false,
      "score": 0,
      "creation_date": 1762291667,
      "post_id": 79805804,
      "comment_id": 140836687,
      "content_license": "CC BY-SA 4.0",
      "body": "Are you maybe loading the ticket and the ticket have a bidirectional relationship to ALL comments and other classes? If you aren&#39;t using lazy loading.. I can imagine you&#39;ve got tickets, users, and all of them linked - making one fetch for a simple &#39;comment&#39; having to load everything in the DB."
    }
  ],
  "answer_comments": {}
}