{
  "question": {
    "tags": [
      "java",
      "maven",
      "microsoft-graph-sdks"
    ],
    "owner": {
      "account_id": 306540,
      "reputation": 3174,
      "user_id": 2695990,
      "user_type": "registered",
      "profile_image": "https://i.sstatic.net/EVYyd.jpg?s=256",
      "display_name": "fascynacja",
      "link": "https://stackoverflow.com/users/2695990/fascynacja"
    },
    "is_answered": false,
    "view_count": 74,
    "answer_count": 1,
    "score": 0,
    "last_activity_date": 1761914976,
    "creation_date": 1761912305,
    "last_edit_date": 1761914976,
    "question_id": 79805757,
    "content_license": "CC BY-SA 4.0",
    "link": "https://stackoverflow.com/questions/79805757/how-to-keep-javax-annotation-classes-when-adding-com-microsoft-graphmicrosoft",
    "title": "How to keep javax.annotation.* classes when adding com.microsoft.graph:microsoft-graph dependency to the project?"
  },
  "answers": [],
  "question_comments": [],
  "answer_comments": {}
}