{
  "question": {
    "tags": [
      "java",
      "ms-word",
      "microsoft365",
      "ms-wopi"
    ],
    "owner": {
      "account_id": 4513778,
      "reputation": 165,
      "user_id": 3669203,
      "user_type": "registered",
      "profile_image": "https://www.gravatar.com/avatar/9588d13f7db5ce004794d74088c48afc?s=256&d=identicon&r=PG&f=y&so-version=2",
      "display_name": "Saturn CAU",
      "link": "https://stackoverflow.com/users/3669203/saturn-cau"
    },
    "is_answered": false,
    "view_count": 35,
    "answer_count": 0,
    "score": 0,
    "last_activity_date": 1762170666,
    "creation_date": 1762170666,
    "question_id": 79807834,
    "content_license": "CC BY-SA 4.0",
    "link": "https://stackoverflow.com/questions/79807834/word-online-fails-to-render-diagrams-smartart-via-wopi-resreader-ashx-404-error",
    "title": "Word Online Fails to Render Diagrams/SmartArt via WOPI: ResReader.ashx 404 Errors"
  },
  "answers": [],
  "question_comments": [],
  "answer_comments": {}
}