{
  "question": {
    "tags": [
      "java",
      "jose4j"
    ],
    "owner": {
      "account_id": 11261851,
      "reputation": 1,
      "user_id": 8259931,
      "user_type": "registered",
      "profile_image": "https://www.gravatar.com/avatar/1c25b1926fdb1007eea1bccb13ecb287?s=256&d=identicon&r=PG&f=y&so-version=2",
      "display_name": "Akshat Rana",
      "link": "https://stackoverflow.com/users/8259931/akshat-rana"
    },
    "is_answered": false,
    "view_count": 24,
    "answer_count": 0,
    "score": 0,
    "last_activity_date": 1762280476,
    "creation_date": 1762277205,
    "last_edit_date": 1762280476,
    "question_id": 79809212,
    "content_license": "CC BY-SA 4.0",
    "link": "https://stackoverflow.com/questions/79809212/jose4j-getting-array-out-of-bound-exception",
    "title": "Jose4j - Getting array out of bound exception"
  },
  "answers": [],
  "question_comments": [
    {
      "owner": {
        "account_id": 2792262,
        "reputation": 189796,
        "user_id": 2402272,
        "user_type": "registered",
        "accept_rate": 85,
        "profile_image": "https://www.gravatar.com/avatar/1182b1d5518a596d4e8cfe0567a65c4d?s=256&d=identicon&r=PG",
        "display_name": "John Bollinger",
        "link": "https://stackoverflow.com/users/2402272/john-bollinger"
      },
      "edited": false,
      "score": 0,
      "creation_date": 1762285631,
      "post_id": 79809212,
      "comment_id": 140836527,
      "content_license": "CC BY-SA 4.0",
      "body": "Note also that that you are mistaken about the locus of the exception.  Perhaps you&#39;re looking at the wrong version of the source or the wrong source file.  Neither the exception class nor the detail message you report matches the source excerpt you present."
    },
    {
      "owner": {
        "account_id": 2792262,
        "reputation": 189796,
        "user_id": 2402272,
        "user_type": "registered",
        "accept_rate": 85,
        "profile_image": "https://www.gravatar.com/avatar/1182b1d5518a596d4e8cfe0567a65c4d?s=256&d=identicon&r=PG",
        "display_name": "John Bollinger",
        "link": "https://stackoverflow.com/users/2402272/john-bollinger"
      },
      "edited": false,
      "score": 0,
      "creation_date": 1762285527,
      "post_id": 79809212,
      "comment_id": 140836525,
      "content_license": "CC BY-SA 4.0",
      "body": "The exception message you posted is entirely reasonable in and of itself. My first guess would be that you&#39;re getting an exception because the <code>tokenString</code> argument you are presenting does not contain a well-formed JWT token. Not that I, personally, know how recognize a well-formed one."
    }
  ],
  "answer_comments": {}
}