{
  "question": {
    "tags": [
      "java",
      "javafx",
      "fonts",
      "assets",
      "fxgl"
    ],
    "owner": {
      "account_id": 44249102,
      "reputation": 1,
      "user_id": 31654969,
      "user_type": "registered",
      "profile_image": "https://www.gravatar.com/avatar/23f33f2693a1b518e78e177ddb72e04b?s=256&d=identicon&r=PG&f=y&so-version=2",
      "display_name": "MatthewSamaha",
      "link": "https://stackoverflow.com/users/31654969/matthewsamaha"
    },
    "is_answered": false,
    "view_count": 71,
    "answer_count": 0,
    "score": 0,
    "last_activity_date": 1762059996,
    "creation_date": 1762059996,
    "question_id": 79806940,
    "content_license": "CC BY-SA 4.0",
    "link": "https://stackoverflow.com/questions/79806940/fxgl-getassetloader-loadfont-fails-to-load-ttf-font-from-assets-ui-fonts-d",
    "title": "FXGL getAssetLoader().loadFont() fails to load TTF font from /assets/ui/fonts/ directory"
  },
  "answers": [],
  "question_comments": [
    {
      "owner": {
        "account_id": 8532578,
        "reputation": 49754,
        "user_id": 6395627,
        "user_type": "registered",
        "profile_image": "https://www.gravatar.com/avatar/af0f9bfe593f36642a032cd7ea611e7d?s=256&d=identicon&r=PG&f=y&so-version=2",
        "display_name": "Slaw",
        "link": "https://stackoverflow.com/users/6395627/slaw"
      },
      "edited": false,
      "score": 0,
      "creation_date": 1762272749,
      "post_id": 79806940,
      "comment_id": 140836117,
      "content_license": "CC BY-SA 4.0",
      "body": "Also, can you load the font directly with <a href=\"https://openjfx.io/javadoc/25/javafx.graphics/javafx/scene/text/Font.html#loadFont(java.lang.String,double)\" rel=\"nofollow noreferrer\"><code>Font::loadFont</code></a>?"
    }
  ],
  "answer_comments": {}
}