{
  "question": {
    "tags": [
      "java",
      "activemq-artemis"
    ],
    "owner": {
      "account_id": 20809273,
      "reputation": 49,
      "user_id": 15283592,
      "user_type": "registered",
      "profile_image": "https://www.gravatar.com/avatar/42ca4c07a94608b9f814ac77dd00530d?s=256&d=identicon&r=PG&f=y&so-version=2",
      "display_name": "romisup",
      "link": "https://stackoverflow.com/users/15283592/romisup"
    },
    "is_answered": true,
    "view_count": 61,
    "closed_date": 1762084839,
    "accepted_answer_id": 79806209,
    "answer_count": 1,
    "score": -2,
    "last_activity_date": 1762005378,
    "creation_date": 1761918763,
    "last_edit_date": 1762005260,
    "question_id": 79805858,
    "link": "https://stackoverflow.com/questions/79805858/how-to-programmatically-grant-users-permissions-for-actions-with-queues-in-artem",
    "closed_reason": "Not suitable for this site",
    "title": "How to programmatically grant users permissions for actions with queues in Artemis?"
  },
  "answers": [
    {
      "owner": {
        "account_id": 11434008,
        "reputation": 36232,
        "user_id": 8381946,
        "user_type": "registered",
        "profile_image": "https://lh3.googleusercontent.com/-ORs8fPNVzDU/AAAAAAAAAAI/AAAAAAAADBs/F3IsdsProVY/s256-rj/photo.jpg",
        "display_name": "Justin Bertram",
        "link": "https://stackoverflow.com/users/8381946/justin-bertram"
      },
      "is_accepted": true,
      "score": 0,
      "last_activity_date": 1762005378,
      "last_edit_date": 1762005378,
      "creation_date": 1761944611,
      "answer_id": 79806209,
      "question_id": 79805858,
      "content_license": "CC BY-SA 4.0",
      "body": "<p>You can't configure queue/user, but you can configure address/role which, in turn, impacts all the queues bound to that address and all the users in that role.</p>\n<p>You can use <a href=\"https://activemq.apache.org/components/artemis/documentation/javadocs/javadoc-latest/org/apache/activemq/artemis/api/core/management/ActiveMQServerControl.html#addSecuritySettings(java.lang.String,java.lang.String,java.lang.String,java.lang.String,java.lang.String,java.lang.String,java.lang.String,java.lang.String,java.lang.String,java.lang.String,java.lang.String,java.lang.String,java.lang.String)\" rel=\"nofollow noreferrer\">the <code>addSecuritySettings</code> method on the <code>ActiveMQServerControl</code></a>. The <code>match</code> is the address the security-settings should apply to and rest of the parameters are comma-delimited <code>String</code> objects representing the names of the roles which will have the corresponding permission.</p>\n",
      "comments": []
    }
  ],
  "question_comments": [],
  "answer_comments": {}
}