{
  "question": {
    "tags": [
      "java",
      "swing",
      "swingx"
    ],
    "owner": {
      "account_id": 44530254,
      "reputation": 1,
      "user_id": 31800367,
      "user_type": "registered",
      "profile_image": "https://www.gravatar.com/avatar/576f8adaceef5a2d2f36308da41f7b86?s=256&d=identicon&r=PG&f=y&so-version=2",
      "display_name": "cavemanman",
      "link": "https://stackoverflow.com/users/31800367/cavemanman"
    },
    "is_answered": false,
    "view_count": 70,
    "closed_date": 1762086676,
    "answer_count": 0,
    "score": -1,
    "last_activity_date": 1762084646,
    "creation_date": 1762084646,
    "question_id": 79807108,
    "link": "https://stackoverflow.com/questions/79807108/uploaded-a-project-to-my-main-pc-and-it-wont-run-class-not-found-javax-swing",
    "closed_reason": "Needs details or clarity",
    "title": "Uploaded a project to my main PC and it won&#39;t run (Class not found: javax.swing.JPanel)"
  },
  "answers": [],
  "question_comments": [],
  "answer_comments": {}
}