{
  "question": {
    "tags": [
      "java",
      "eclipse"
    ],
    "owner": {
      "account_id": 2485939,
      "reputation": 20969,
      "user_id": 2164365,
      "user_type": "registered",
      "accept_rate": 40,
      "profile_image": "https://i.sstatic.net/RKSgV.png?s=256",
      "display_name": "Abra",
      "link": "https://stackoverflow.com/users/2164365/abra"
    },
    "is_answered": false,
    "view_count": 80,
    "answer_count": 0,
    "score": 2,
    "last_activity_date": 1762166039,
    "creation_date": 1762148875,
    "last_edit_date": 1762166039,
    "question_id": 79807567,
    "content_license": "CC BY-SA 4.0",
    "link": "https://stackoverflow.com/questions/79807567/what-does-it-mean-when-eclipse-displays-a-login-required-dialog-window-on-laun",
    "title": "What does it mean when Eclipse displays a &quot;Login required&quot; dialog window on launch?"
  },
  "answers": [],
  "question_comments": [],
  "answer_comments": {}
}