{
  "question": {
    "tags": [
      "java",
      "multithreading",
      "javafx"
    ],
    "owner": {
      "account_id": 44544565,
      "reputation": 1,
      "user_id": 31807744,
      "user_type": "registered",
      "profile_image": "https://www.gravatar.com/avatar/399b33a7348ffd89d4e378c421ad0a90?s=256&d=identicon&r=PG&f=y&so-version=2",
      "display_name": "Momo Tamura",
      "link": "https://stackoverflow.com/users/31807744/momo-tamura"
    },
    "is_answered": false,
    "view_count": 101,
    "answer_count": 0,
    "score": -1,
    "last_activity_date": 1762248804,
    "creation_date": 1762188166,
    "last_edit_date": 1762248804,
    "question_id": 79808109,
    "content_license": "CC BY-SA 4.0",
    "link": "https://stackoverflow.com/questions/79808109/java-multithread-eventhandling",
    "title": "Java Multithread EventHandling"
  },
  "answers": [],
  "question_comments": [
    {
      "owner": {
        "account_id": 8532578,
        "reputation": 49754,
        "user_id": 6395627,
        "user_type": "registered",
        "profile_image": "https://www.gravatar.com/avatar/af0f9bfe593f36642a032cd7ea611e7d?s=256&d=identicon&r=PG&f=y&so-version=2",
        "display_name": "Slaw",
        "link": "https://stackoverflow.com/users/6395627/slaw"
      },
      "edited": false,
      "score": 2,
      "creation_date": 1762266996,
      "post_id": 79808109,
      "comment_id": 140835891,
      "content_license": "CC BY-SA 4.0",
      "body": "If you provide a <a href=\"https://stackoverflow.com/help/minimal-reproducible-example\">minimal reproducible example</a> we might be able to be more specific about the solution."
    },
    {
      "owner": {
        "account_id": 2518243,
        "reputation": 210726,
        "user_id": 2189127,
        "user_type": "registered",
        "profile_image": "https://www.gravatar.com/avatar/e8e6e627b4b90ec816c5c7aa04cbcc26?s=256&d=identicon&r=PG",
        "display_name": "James_D",
        "link": "https://stackoverflow.com/users/2189127/james-d"
      },
      "reply_to_user": {
        "account_id": 1180113,
        "reputation": 160432,
        "user_id": 1155209,
        "user_type": "registered",
        "profile_image": "https://www.gravatar.com/avatar/5192e7cbcf2f72a847d6fb0d1552f049?s=256&d=identicon&r=PG",
        "display_name": "jewelsea",
        "link": "https://stackoverflow.com/users/1155209/jewelsea"
      },
      "edited": false,
      "score": 2,
      "creation_date": 1762262805,
      "post_id": 79808109,
      "comment_id": 140835745,
      "content_license": "CC BY-SA 4.0",
      "body": "This is not the correct way to approach this, as @jewelsea notes. You should not be polling the status of the media player, either in a background thread or in the FX Application Thread. You should be responding to events instead. Read the linked question."
    }
  ],
  "answer_comments": {}
}