{
  "question": {
    "tags": [
      "java",
      "hibernate-envers"
    ],
    "owner": {
      "account_id": 14195569,
      "reputation": 876,
      "user_id": 10254976,
      "user_type": "registered",
      "profile_image": "https://lh5.googleusercontent.com/-LBKWMRbnsJE/AAAAAAAAAAI/AAAAAAAAAAA/APUIFaN5MFh2qq87AeYj-As-DJbY0Opi0g/mo/s256-rj/photo.jpg",
      "display_name": "Самир Шахмурадлы",
      "link": "https://stackoverflow.com/users/10254976/%d0%a1%d0%b0%d0%bc%d0%b8%d1%80-%d0%a8%d0%b0%d1%85%d0%bc%d1%83%d1%80%d0%b0%d0%b4%d0%bb%d1%8b"
    },
    "is_answered": false,
    "view_count": 32,
    "answer_count": 1,
    "score": 0,
    "last_activity_date": 1762251264,
    "creation_date": 1762195748,
    "last_edit_date": 1762251264,
    "question_id": 79808212,
    "content_license": "CC BY-SA 4.0",
    "link": "https://stackoverflow.com/questions/79808212/how-to-audit-elementcollection-of-value-objects-without-id",
    "title": "How to audit @ElementCollection of Value Objects without ID?"
  },
  "answers": [
    {
      "owner": {
        "account_id": 17553626,
        "reputation": 423,
        "user_id": 12733532,
        "user_type": "registered",
        "profile_image": "https://lh3.googleusercontent.com/-EAww28wDCxk/AAAAAAAAAAI/AAAAAAAAAAA/ACHi3rcgKS9dXdmUh-hOQPlZYZygBUfLwQ/s256-rj/photo.jpg",
        "display_name": "Max",
        "link": "https://stackoverflow.com/users/12733532/max"
      },
      "is_accepted": false,
      "score": 0,
      "last_activity_date": 1762204622,
      "creation_date": 1762204622,
      "answer_id": 79808325,
      "question_id": 79808212,
      "content_license": "CC BY-SA 4.0",
      "body": "<p>Envers might use the stable ValueObject.id as the primary identifier to track changes, completely bypassing the composite key issue with @ElementCollection</p>\n<pre><code>@Entity\n@Audited\nclass ValueObject {\n    @Id\n    @GeneratedValue(strategy = GenerationType.IDENTITY)\n    private Long id;\n    \n    private String propertyA;\n    private Integer propertyB;\n}\n\n@Entity\n@Audited\nclass ParentEntity {\n    @Id\n    private Long id;\n\n    @OneToMany(cascade = CascadeType.ALL, orphanRemoval = true)\n    @JoinColumn(name = &quot;parent_id&quot;)\n    @OrderColumn(name = &quot;position&quot;)\n    private List&lt;ValueObject&gt; values = new ArrayList&lt;&gt;();\n}\n</code></pre>\n<p>Changed @Embeddable to @Entity</p>\n<p>Added @GeneratedValue</p>\n<p>Changed @ElementCollection to @OneToMany</p>\n",
      "comments": []
    }
  ],
  "question_comments": [],
  "answer_comments": {}
}