{
  "question": {
    "tags": [
      "java",
      "jna"
    ],
    "owner": {
      "account_id": 54150,
      "reputation": 2051,
      "user_id": 161995,
      "user_type": "registered",
      "accept_rate": 100,
      "profile_image": "https://www.gravatar.com/avatar/f2f7d62ddeeb7b96c338131837eb1c6a?s=256&d=identicon&r=PG",
      "display_name": "Erik",
      "link": "https://stackoverflow.com/users/161995/erik"
    },
    "is_answered": true,
    "view_count": 55,
    "answer_count": 1,
    "score": 0,
    "last_activity_date": 1762305938,
    "creation_date": 1762270030,
    "question_id": 79809089,
    "content_license": "CC BY-SA 4.0",
    "link": "https://stackoverflow.com/questions/79809089/how-do-i-create-a-file-through-jna",
    "title": "How do I create a file through JNA"
  },
  "answers": [
    {
      "owner": {
        "account_id": 17553626,
        "reputation": 423,
        "user_id": 12733532,
        "user_type": "registered",
        "profile_image": "https://lh3.googleusercontent.com/-EAww28wDCxk/AAAAAAAAAAI/AAAAAAAAAAA/ACHi3rcgKS9dXdmUh-hOQPlZYZygBUfLwQ/s256-rj/photo.jpg",
        "display_name": "Max",
        "link": "https://stackoverflow.com/users/12733532/max"
      },
      "is_accepted": false,
      "score": 1,
      "last_activity_date": 1762305938,
      "last_edit_date": 1762305938,
      "creation_date": 1762271600,
      "answer_id": 79809111,
      "question_id": 79809089,
      "content_license": "CC BY-SA 4.0",
      "body": "<p>You forget the third argument: the file mode (permissions) <a href=\"https://developer.apple.com/library/archive/documentation/System/Conceptual/ManPages_iPhoneOS/man2/open.2.html\" rel=\"nofollow noreferrer\">are required when creating a file</a></p>\n<pre><code>import java.io.File;\n\nFile file = new File(&quot;some/complex/path/to/my_file.dat&quot;);\n\nFile parentDir = file.getParentFile();\nif (parentDir != null &amp;&amp; !parentDir.exists()) {\n    parentDir.mkdirs();\n}\n\nint fd = JNALib.INSTANCE.open(\n    file.getAbsolutePath(),\n    JNALib.O_CREAT | JNALib.O_RDWR, \n    JNALib.DEFAULT_MODE\n);\n\n</code></pre>\n",
      "comments": [
        {
          "owner": {
            "account_id": 1187908,
            "reputation": 9335,
            "user_id": 1161484,
            "user_type": "registered",
            "accept_rate": 93,
            "profile_image": "https://www.gravatar.com/avatar/371797a0137ad4519049f88afac2d4e7?s=256&d=identicon&r=PG",
            "display_name": "Daniel Widdis",
            "link": "https://stackoverflow.com/users/1161484/daniel-widdis"
          },
          "reply_to_user": {
            "account_id": 54150,
            "reputation": 2051,
            "user_id": 161995,
            "user_type": "registered",
            "accept_rate": 100,
            "profile_image": "https://www.gravatar.com/avatar/f2f7d62ddeeb7b96c338131837eb1c6a?s=256&d=identicon&r=PG",
            "display_name": "Erik",
            "link": "https://stackoverflow.com/users/161995/erik"
          },
          "edited": false,
          "score": 0,
          "creation_date": 1762305887,
          "post_id": 79809111,
          "comment_id": 140836945,
          "content_license": "CC BY-SA 4.0",
          "body": "@Erik The permissions are optional unless you&#39;re creating a new file. From the <a href=\"https://developer.apple.com/library/archive/documentation/System/Conceptual/ManPages_iPhoneOS/man2/open.2.html\" rel=\"nofollow noreferrer\">man page</a>: &quot;The oflag argument may indicate that the file is to be created if it does      not exist (by specifying the O_CREAT flag).  In this case, open requires a third argument mode_t mode&quot;.    Max is correct here (and this answer could be improved by quoting this)."
        },
        {
          "owner": {
            "account_id": 54150,
            "reputation": 2051,
            "user_id": 161995,
            "user_type": "registered",
            "accept_rate": 100,
            "profile_image": "https://www.gravatar.com/avatar/f2f7d62ddeeb7b96c338131837eb1c6a?s=256&d=identicon&r=PG",
            "display_name": "Erik",
            "link": "https://stackoverflow.com/users/161995/erik"
          },
          "edited": false,
          "score": 0,
          "creation_date": 1762290411,
          "post_id": 79809111,
          "comment_id": 140836650,
          "content_license": "CC BY-SA 4.0",
          "body": "For the libc <code>open()</code> call, file permissions are optional."
        }
      ]
    }
  ],
  "question_comments": [
    {
      "owner": {
        "account_id": 22124137,
        "reputation": 4244,
        "user_id": 16376827,
        "user_type": "registered",
        "profile_image": "https://i.sstatic.net/1ImPw.png?s=256",
        "display_name": "g00se",
        "link": "https://stackoverflow.com/users/16376827/g00se"
      },
      "edited": false,
      "score": 0,
      "creation_date": 1762298022,
      "post_id": 79809089,
      "comment_id": 140836809,
      "content_license": "CC BY-SA 4.0",
      "body": "I think I slightly misunderstood your point. Having said that, why out of interest would you be using native code to create a file?"
    },
    {
      "owner": {
        "account_id": 54150,
        "reputation": 2051,
        "user_id": 161995,
        "user_type": "registered",
        "accept_rate": 100,
        "profile_image": "https://www.gravatar.com/avatar/f2f7d62ddeeb7b96c338131837eb1c6a?s=256&d=identicon&r=PG",
        "display_name": "Erik",
        "link": "https://stackoverflow.com/users/161995/erik"
      },
      "reply_to_user": {
        "account_id": 22124137,
        "reputation": 4244,
        "user_id": 16376827,
        "user_type": "registered",
        "profile_image": "https://i.sstatic.net/1ImPw.png?s=256",
        "display_name": "g00se",
        "link": "https://stackoverflow.com/users/16376827/g00se"
      },
      "edited": false,
      "score": 0,
      "creation_date": 1762290549,
      "post_id": 79809089,
      "comment_id": 140836658,
      "content_license": "CC BY-SA 4.0",
      "body": "@g00se If you actually read the small snippet you&#39;ll notice the <code>f.createNewFile()</code> part."
    },
    {
      "owner": {
        "account_id": 54150,
        "reputation": 2051,
        "user_id": 161995,
        "user_type": "registered",
        "accept_rate": 100,
        "profile_image": "https://www.gravatar.com/avatar/f2f7d62ddeeb7b96c338131837eb1c6a?s=256&d=identicon&r=PG",
        "display_name": "Erik",
        "link": "https://stackoverflow.com/users/161995/erik"
      },
      "reply_to_user": {
        "account_id": 3211603,
        "reputation": 300738,
        "user_id": 2711488,
        "user_type": "registered",
        "profile_image": "https://i.sstatic.net/t2hoD.jpg?s=256",
        "display_name": "Holger",
        "link": "https://stackoverflow.com/users/2711488/holger"
      },
      "edited": false,
      "score": 0,
      "creation_date": 1762290498,
      "post_id": 79809089,
      "comment_id": 140836656,
      "content_license": "CC BY-SA 4.0",
      "body": "@Holger While I would dearly love to do so, I still have to support 11 so it&#39;s some time off. I need to support 11 - 25 (as it looks right now)"
    },
    {
      "owner": {
        "account_id": 372682,
        "reputation": 26472,
        "user_id": 721855,
        "user_type": "registered",
        "profile_image": "https://i.sstatic.net/vZiox.png?s=256",
        "display_name": "aled",
        "link": "https://stackoverflow.com/users/721855/aled"
      },
      "edited": false,
      "score": 0,
      "creation_date": 1762279302,
      "post_id": 79809089,
      "comment_id": 140836313,
      "content_license": "CC BY-SA 4.0",
      "body": "Also please add a <a href=\"https://stackoverflow.com/help/minimal-reproducible-example\">minimal reproducible example</a> to the question."
    },
    {
      "owner": {
        "account_id": 372682,
        "reputation": 26472,
        "user_id": 721855,
        "user_type": "registered",
        "profile_image": "https://i.sstatic.net/vZiox.png?s=256",
        "display_name": "aled",
        "link": "https://stackoverflow.com/users/721855/aled"
      },
      "edited": false,
      "score": 0,
      "creation_date": 1762275566,
      "post_id": 79809089,
      "comment_id": 140836214,
      "content_license": "CC BY-SA 4.0",
      "body": "Is <code>java.nio.file.Files.setPosixFilePermissions()</code> not enough for your needs?"
    },
    {
      "owner": {
        "account_id": 3211603,
        "reputation": 300738,
        "user_id": 2711488,
        "user_type": "registered",
        "profile_image": "https://i.sstatic.net/t2hoD.jpg?s=256",
        "display_name": "Holger",
        "link": "https://stackoverflow.com/users/2711488/holger"
      },
      "edited": false,
      "score": 5,
      "creation_date": 1762272595,
      "post_id": 79809089,
      "comment_id": 140836109,
      "content_license": "CC BY-SA 4.0",
      "body": "When you’re migrating to Java 25, you may consider switching to the <a href=\"https://docs.oracle.com/en/java/javase/25/docs/api/java.base/java/lang/foreign/package-summary.html#ffa\" rel=\"nofollow noreferrer\">built-in facility</a> for invoking native functions instead."
    },
    {
      "owner": {
        "account_id": 22124137,
        "reputation": 4244,
        "user_id": 16376827,
        "user_type": "registered",
        "profile_image": "https://i.sstatic.net/1ImPw.png?s=256",
        "display_name": "g00se",
        "link": "https://stackoverflow.com/users/16376827/g00se"
      },
      "edited": false,
      "score": 0,
      "creation_date": 1762271032,
      "post_id": 79809089,
      "comment_id": 140836039,
      "content_license": "CC BY-SA 4.0",
      "body": "<i>If I create the file first with through...</i> That&#39;s because a <code>File</code> is really more of a wrapper around the business of manipulating paths on the file system. Creating an object of type <code>File</code> doesn&#39;t create anything on the file system"
    }
  ],
  "answer_comments": {}
}