{
  "question": {
    "tags": [
      "java",
      "openapi",
      "swagger-codegen-maven-plugin"
    ],
    "owner": {
      "account_id": 1967474,
      "reputation": 3695,
      "user_id": 1767316,
      "user_type": "registered",
      "accept_rate": 42,
      "profile_image": "https://www.gravatar.com/avatar/96c6ce7849238a742734b338dda77a98?s=256&d=identicon&r=PG",
      "display_name": "user1767316",
      "link": "https://stackoverflow.com/users/1767316/user1767316"
    },
    "is_answered": false,
    "view_count": 55,
    "closed_date": 1762111565,
    "answer_count": 0,
    "score": -5,
    "last_activity_date": 1762189674,
    "creation_date": 1762097954,
    "last_edit_date": 1762189674,
    "question_id": 79807222,
    "link": "https://stackoverflow.com/questions/79807222/how-to-merge-an-openapi-schema-object-with-its-parents",
    "closed_reason": "Needs details or clarity",
    "title": "how to merge an openapi schema object with its parents"
  },
  "answers": [],
  "question_comments": [],
  "answer_comments": {}
}