{
  "question": {
    "tags": [
      "java",
      "junit",
      "parameterized-tests"
    ],
    "owner": {
      "account_id": 16478911,
      "reputation": 413,
      "user_id": 11906121,
      "user_type": "registered",
      "profile_image": "https://www.gravatar.com/avatar/c6320114c699f06d4038d99c1a9273f6?s=256&d=identicon&r=PG&f=y&so-version=2",
      "display_name": "elcye",
      "link": "https://stackoverflow.com/users/11906121/elcye"
    },
    "is_answered": false,
    "view_count": 21,
    "answer_count": 0,
    "score": 2,
    "last_activity_date": 1762271243,
    "creation_date": 1762271243,
    "question_id": 79809106,
    "content_license": "CC BY-SA 4.0",
    "link": "https://stackoverflow.com/questions/79809106/parameterizedtest-with-databasesetup-and-expecteddatabase",
    "title": "@ParameterizedTest with @DatabaseSetup and @ExpectedDatabase"
  },
  "answers": [],
  "question_comments": [],
  "answer_comments": {}
}