{
  "question": {
    "tags": [
      "java",
      "algorithm",
      "jvm",
      "time-complexity"
    ],
    "owner": {
      "account_id": 40835491,
      "reputation": 1,
      "user_id": 31087134,
      "user_type": "registered",
      "profile_image": "https://i.sstatic.net/rUB1oork.jpg?s=256",
      "display_name": "Om kumar",
      "link": "https://stackoverflow.com/users/31087134/om-kumar"
    },
    "is_answered": false,
    "view_count": 74,
    "closed_date": 1762180755,
    "answer_count": 0,
    "score": -3,
    "last_activity_date": 1762180605,
    "creation_date": 1762180605,
    "question_id": 79807973,
    "link": "https://stackoverflow.com/questions/79807973/how-to-keep-the-time-low-when-submitting-question-on-coding-platforms-like-leetc",
    "closed_reason": "Needs more focus",
    "title": "How to keep the time low when submitting question on coding Platforms Like Leetcode?"
  },
  "answers": [],
  "question_comments": [],
  "answer_comments": {}
}